{"cameraMode":{"drawMode":0,"name":"Shaded","section":"Shading Mode"},"sceneLighting":true,"audioPlay":false,"sceneViewState":{"showFog":true,"showMaterialUpdate":false,"showSkybox":true,"showFlares":true,"showImageEffects":true,"showParticleSystems":true,"showVisualEffectGraphs":true,"m_FxEnabled":true},"in2DMode":false,"pivot":{"x":2.1895735263824465,"y":1.8614141941070557,"z":12.223541259765625},"rotation":{"x":0.16613060235977174,"y":0.0753573328256607,"z":-0.012734045274555684,"w":0.9831421375274658},"size":14.507807731628418,"orthographic":false}